"G05D","B60W","G01S","G08G","B62D","G01C","G06K","B25J","Y10S","G05B","G06T","Y10T","G06F","B60K","G06Q","TitleLen","AbLen","FullTextLen","Nber_Layer1CPCs","IssueDate","GovernmentInterests","OneInventorInUS","OneAssigneeInUS","As_Google","As_GM","As_Ford","As_Toyota","BIG4_Google_GM_Ford_Toyota","No_Citations","NberTimesCited","InvState_CA","InvState_MI","InvState_MA","InvState_PA","InvStateCAorMIorMAorPA","MoreThanOneExaminer","LernerDavidLittenbergKrumholzMentlik","McDonnellBoehnenHulbertBerghoff","FishRichardson","DarrowChristopherDarrowMustafa","NotInTop4LawFirms","topic_1","topic_10","topic_11","topic_12","topic_13","topic_14","topic_15","topic_16","topic_17","topic_18","topic_19","topic_2","topic_20","topic_21","topic_22","topic_23","topic_24","topic_25","topic_26","topic_27","topic_28","topic_29","topic_3","topic_30","topic_4","topic_5","topic_6","topic_7","topic_8","topic_9"
TRUE,FALSE,FALSE,FALSE,FALSE,FALSE,FALSE,FALSE,FALSE,FALSE,FALSE,FALSE,FALSE,FALSE,FALSE,71,977,3096,1,2012,0,1,1,0,0,0,0,0,21,6,1,0,0,0,1,0,0,0,0,0,1,0.000127,0.000127,0.000127,0.000127,0.000127,0.000127,0.000127,0.222856334,0.000127,0.000127,0.147198644,0.085792648,0.000127,0.000127,0.000127,0.000127,0.000127,0.000127,0.000127,0.000127,0.33043846,0.000127,0.000127,0.000127,0.210551139,0.000127,0.000127,0.000127,0.000127,0.000127
TRUE,FALSE,FALSE,FALSE,FALSE,FALSE,TRUE,FALSE,FALSE,FALSE,TRUE,FALSE,FALSE,TRUE,FALSE,30,843,8337,9,2016,0,1,1,1,0,0,0,0,6,2,1,0,0,0,1,0,1,0,0,0,0,4.89e-05,4.89e-05,4.89e-05,4.89e-05,4.89e-05,4.89e-05,4.89e-05,4.89e-05,4.89e-05,4.89e-05,4.89e-05,4.89e-05,4.89e-05,0.043560199,4.89e-05,4.89e-05,0.021399819,4.89e-05,4.89e-05,4.89e-05,4.89e-05,4.89e-05,4.89e-05,0.809270686,4.89e-05,4.89e-05,4.89e-05,4.89e-05,0.12449745,4.89e-05
TRUE,FALSE,FALSE,FALSE,FALSE,FALSE,FALSE,FALSE,FALSE,FALSE,FALSE,FALSE,FALSE,FALSE,FALSE,92,837,5610,3,1999,0,1,1,0,0,0,0,0,10,82,0,1,0,0,1,0,0,0,0,0,1,7.17e-05,0.1669148,7.17e-05,7.17e-05,7.17e-05,7.17e-05,7.17e-05,0.074404836,7.17e-05,7.17e-05,7.17e-05,7.17e-05,7.17e-05,7.17e-05,7.17e-05,0.254690873,7.17e-05,7.17e-05,7.17e-05,7.17e-05,7.17e-05,7.17e-05,0.193723751,0.009556425,7.17e-05,7.17e-05,7.17e-05,7.17e-05,0.032588777,0.266472255
FALSE,FALSE,FALSE,FALSE,FALSE,FALSE,FALSE,FALSE,FALSE,FALSE,FALSE,FALSE,FALSE,FALSE,FALSE,40,709,11800,2,2010,0,0,0,0,0,0,0,0,3,3,0,0,0,0,0,1,0,0,0,0,1,0.270182849,3.64e-05,3.64e-05,3.64e-05,0.090912142,3.64e-05,3.64e-05,3.64e-05,3.64e-05,3.64e-05,0.014231136,0.016638314,3.64e-05,0.045358732,3.64e-05,0.492234541,3.64e-05,3.64e-05,3.64e-05,3.64e-05,3.64e-05,3.64e-05,3.64e-05,3.64e-05,3.64e-05,0.069605078,3.64e-05,3.64e-05,3.64e-05,3.64e-05
FALSE,FALSE,FALSE,FALSE,FALSE,FALSE,FALSE,FALSE,FALSE,FALSE,FALSE,TRUE,FALSE,FALSE,FALSE,24,472,30687,15,2010,1,1,1,0,0,0,0,0,134,261,0,0,1,0,1,0,0,0,1,0,0,1.75e-05,1.75e-05,1.75e-05,1.75e-05,1.75e-05,1.75e-05,1.75e-05,1.75e-05,1.75e-05,1.75e-05,1.75e-05,1.75e-05,1.75e-05,1.75e-05,1.75e-05,1.75e-05,0.999491618,1.75e-05,1.75e-05,1.75e-05,1.75e-05,1.75e-05,1.75e-05,1.75e-05,1.75e-05,1.75e-05,1.75e-05,1.75e-05,1.75e-05,1.75e-05
FALSE,FALSE,FALSE,FALSE,FALSE,FALSE,FALSE,FALSE,FALSE,FALSE,FALSE,FALSE,FALSE,FALSE,FALSE,75,699,6254,11,2016,0,1,1,1,0,0,0,0,15,50,1,0,0,0,1,0,0,0,0,0,1,0.01283345,6.14e-05,0.187296038,6.14e-05,6.14e-05,6.14e-05,6.14e-05,6.14e-05,6.14e-05,6.14e-05,6.14e-05,0.548963181,0.088881248,6.14e-05,6.14e-05,6.14e-05,0.020091614,6.14e-05,6.14e-05,6.14e-05,6.14e-05,6.14e-05,0.140460796,6.14e-05,6.14e-05,6.14e-05,6.14e-05,6.14e-05,6.14e-05,6.14e-05
FALSE,FALSE,FALSE,FALSE,TRUE,FALSE,FALSE,FALSE,TRUE,FALSE,FALSE,FALSE,FALSE,FALSE,FALSE,26,449,2951,3,2011,0,1,1,0,0,0,0,0,290,8,0,0,0,0,0,1,0,0,0,0,1,0.000139,0.000139,0.135731679,0.000139,0.000139,0.000139,0.000139,0.000139,0.000139,0.000139,0.000139,0.090012244,0.000139,0.000139,0.000139,0.330064096,0.000139,0.000139,0.000139,0.000139,0.440578228,0.000139,0.000139,0.000139,0.000139,0.000139,0.000139,0.000139,0.000139,0.000139
TRUE,FALSE,FALSE,FALSE,FALSE,FALSE,FALSE,FALSE,FALSE,FALSE,FALSE,FALSE,FALSE,FALSE,FALSE,41,550,32759,1,2015,0,1,1,0,0,0,0,0,26,2,0,0,0,0,0,1,0,0,0,0,1,1.3e-05,1.3e-05,1.3e-05,0.171536367,0.078273833,0.015377318,1.3e-05,1.3e-05,1.3e-05,0.208710638,1.3e-05,1.3e-05,1.3e-05,1.3e-05,1.3e-05,0.01126777,1.3e-05,1.3e-05,1.3e-05,1.3e-05,0.300871268,1.3e-05,1.3e-05,1.3e-05,0.162916296,1.3e-05,0.035025444,1.3e-05,0.0157478,1.3e-05
TRUE,FALSE,TRUE,FALSE,FALSE,FALSE,FALSE,FALSE,FALSE,FALSE,FALSE,FALSE,FALSE,FALSE,FALSE,47,800,10186,7,2016,0,1,1,1,0,0,0,0,52,11,1,0,0,0,1,1,0,1,0,0,0,3.7e-05,3.7e-05,3.7e-05,3.7e-05,3.7e-05,3.7e-05,3.7e-05,3.7e-05,0.701631349,3.7e-05,3.7e-05,3.7e-05,3.7e-05,3.7e-05,3.7e-05,3.7e-05,3.7e-05,3.7e-05,3.7e-05,3.7e-05,3.7e-05,3.7e-05,0.052172918,0.213424875,3.7e-05,3.7e-05,3.7e-05,3.7e-05,0.031807865,3.7e-05
FALSE,FALSE,FALSE,FALSE,FALSE,FALSE,FALSE,FALSE,FALSE,FALSE,FALSE,FALSE,FALSE,FALSE,FALSE,56,1685,5212,1,1990,0,0,0,0,0,0,0,0,3,4,0,0,0,0,0,0,0,0,0,0,1,7.94e-05,7.94e-05,7.94e-05,7.94e-05,0.005205623,7.94e-05,7.94e-05,7.94e-05,7.94e-05,7.94e-05,7.94e-05,7.94e-05,0.866110184,7.94e-05,7.94e-05,7.94e-05,7.94e-05,7.94e-05,7.94e-05,7.94e-05,7.94e-05,7.94e-05,7.94e-05,7.94e-05,7.94e-05,7.94e-05,7.94e-05,7.94e-05,0.034180545,0.092440497
TRUE,TRUE,FALSE,FALSE,TRUE,FALSE,FALSE,FALSE,TRUE,TRUE,FALSE,FALSE,FALSE,FALSE,FALSE,42,596,7768,25,2014,0,1,1,0,0,0,0,1,118,2,0,0,1,0,1,1,0,0,0,0,1,4.84e-05,4.84e-05,0.111144295,4.84e-05,4.84e-05,0.047708448,4.84e-05,4.84e-05,0.00838849,4.84e-05,4.84e-05,0.056798358,4.84e-05,4.84e-05,4.84e-05,4.84e-05,4.84e-05,4.84e-05,4.84e-05,4.84e-05,4.84e-05,4.84e-05,4.84e-05,0.235714957,4.84e-05,0.205750556,4.84e-05,4.84e-05,0.284768181,0.048661109
TRUE,FALSE,FALSE,FALSE,FALSE,FALSE,TRUE,FALSE,TRUE,TRUE,FALSE,FALSE,FALSE,FALSE,TRUE,62,784,9438,20,2011,0,1,1,0,0,0,0,1,69,25,0,0,0,1,1,0,0,0,0,0,1,4.7e-05,4.7e-05,4.7e-05,4.7e-05,4.7e-05,0.726353865,4.7e-05,4.7e-05,4.7e-05,4.7e-05,4.7e-05,4.7e-05,4.7e-05,4.7e-05,4.7e-05,4.7e-05,4.7e-05,4.7e-05,4.7e-05,4.7e-05,4.7e-05,4.7e-05,4.7e-05,0.041728542,4.7e-05,0.124391618,0.106304609,4.7e-05,4.7e-05,4.7e-05
FALSE,FALSE,FALSE,FALSE,FALSE,FALSE,FALSE,TRUE,FALSE,FALSE,FALSE,FALSE,FALSE,FALSE,FALSE,96,1051,9397,6,1995,0,0,0,0,0,0,0,0,51,15,0,0,0,0,0,0,0,0,0,0,1,4.34e-05,4.34e-05,4.34e-05,4.34e-05,0.05509128,4.34e-05,0.943693707,4.34e-05,4.34e-05,4.34e-05,4.34e-05,4.34e-05,4.34e-05,4.34e-05,4.34e-05,4.34e-05,4.34e-05,4.34e-05,4.34e-05,4.34e-05,4.34e-05,4.34e-05,4.34e-05,4.34e-05,4.34e-05,4.34e-05,4.34e-05,4.34e-05,4.34e-05,4.34e-05
TRUE,TRUE,FALSE,FALSE,FALSE,FALSE,FALSE,FALSE,FALSE,FALSE,FALSE,FALSE,FALSE,FALSE,FALSE,60,740,16632,6,2015,0,1,1,1,0,0,0,0,47,28,1,0,0,0,1,1,0,1,0,0,0,2.59e-05,2.59e-05,2.59e-05,2.59e-05,2.59e-05,2.59e-05,2.59e-05,2.59e-05,2.59e-05,2.59e-05,2.59e-05,2.59e-05,2.59e-05,2.59e-05,2.59e-05,2.59e-05,2.59e-05,2.59e-05,2.59e-05,0.083517837,2.59e-05,2.59e-05,2.59e-05,0.88157144,2.59e-05,2.59e-05,2.59e-05,2.59e-05,0.034211693,2.59e-05
TRUE,FALSE,FALSE,FALSE,FALSE,FALSE,FALSE,FALSE,FALSE,FALSE,FALSE,FALSE,FALSE,FALSE,FALSE,31,1624,12920,6,1991,0,0,0,0,0,0,0,0,7,15,0,0,0,0,0,0,0,0,0,0,1,3.19e-05,3.19e-05,3.19e-05,3.19e-05,3.19e-05,3.19e-05,0.027254787,0.015979097,3.19e-05,3.19e-05,3.19e-05,0.0414452,3.19e-05,3.19e-05,0.186117381,0.039065089,3.19e-05,3.19e-05,3.19e-05,3.19e-05,3.19e-05,0.038247514,3.19e-05,0.097421476,3.19e-05,3.19e-05,0.076156899,3.19e-05,3.19e-05,0.477642167
TRUE,FALSE,FALSE,FALSE,FALSE,FALSE,FALSE,FALSE,FALSE,FALSE,FALSE,FALSE,FALSE,FALSE,FALSE,72,729,5265,1,2009,0,1,1,0,0,0,0,0,41,52,0,0,1,0,1,0,0,0,0,0,1,7.98e-05,7.98e-05,7.98e-05,7.98e-05,7.98e-05,0.174260803,7.98e-05,7.98e-05,7.98e-05,7.98e-05,7.98e-05,0.348071318,7.98e-05,7.98e-05,7.98e-05,7.98e-05,7.98e-05,7.98e-05,7.98e-05,7.98e-05,7.98e-05,7.98e-05,7.98e-05,7.98e-05,0.43771122,7.98e-05,7.98e-05,7.98e-05,7.98e-05,0.037882382
TRUE,TRUE,TRUE,FALSE,TRUE,FALSE,FALSE,FALSE,FALSE,FALSE,FALSE,FALSE,FALSE,FALSE,FALSE,97,936,9964,12,2015,0,1,1,0,1,0,0,0,11,2,0,1,0,0,1,1,0,0,0,0,1,3.87e-05,0.003829566,3.87e-05,3.87e-05,3.87e-05,0.059974096,3.87e-05,3.87e-05,3.87e-05,3.87e-05,0.00404788,3.87e-05,3.87e-05,3.87e-05,3.87e-05,3.87e-05,3.87e-05,3.87e-05,3.87e-05,0.095219629,3.87e-05,3.87e-05,3.87e-05,3.87e-05,3.87e-05,3.87e-05,3.87e-05,3.87e-05,0.206523709,0.629475474
TRUE,TRUE,TRUE,TRUE,FALSE,FALSE,TRUE,TRUE,FALSE,FALSE,FALSE,FALSE,FALSE,FALSE,FALSE,66,870,5220,29,2015,0,1,1,1,0,0,0,1,42,21,1,0,0,0,1,1,0,1,0,0,0,8.13e-05,8.13e-05,8.13e-05,8.13e-05,8.13e-05,8.13e-05,8.13e-05,8.13e-05,0.112000179,8.13e-05,8.13e-05,0.288004286,8.13e-05,8.13e-05,8.13e-05,8.13e-05,8.13e-05,8.13e-05,8.13e-05,8.13e-05,8.13e-05,8.13e-05,8.13e-05,0.571873067,8.13e-05,8.13e-05,8.13e-05,8.13e-05,0.02600829,8.13e-05
FALSE,FALSE,FALSE,FALSE,TRUE,FALSE,FALSE,FALSE,FALSE,FALSE,FALSE,FALSE,FALSE,FALSE,FALSE,64,456,3066,3,2016,0,1,1,0,0,1,0,0,357,2,0,1,0,0,1,0,0,0,0,0,1,0.000121,0.000121,0.106030397,0.000121,0.000121,0.533980739,0.000121,0.000121,0.000121,0.000121,0.000121,0.030036311,0.000121,0.000121,0.000121,0.000121,0.000121,0.000121,0.000121,0.000121,0.000121,0.000120828,0.000121,0.000121,0.000121,0.000121,0.000121,0.000121,0.000121,0.326811017
FALSE,FALSE,FALSE,FALSE,FALSE,FALSE,FALSE,FALSE,FALSE,FALSE,FALSE,FALSE,FALSE,FALSE,FALSE,44,835,9988,5,2015,0,1,1,1,0,0,0,0,1,16,1,0,0,0,1,1,0,1,0,0,0,3.93e-05,3.93e-05,0.108438093,3.93e-05,3.93e-05,3.93e-05,3.93e-05,3.93e-05,3.93e-05,3.93e-05,3.93e-05,0.466573385,3.93e-05,3.93e-05,3.93e-05,3.93e-05,0.338379859,3.93e-05,3.93e-05,3.93e-05,3.93e-05,3.93e-05,3.93e-05,0.085586833,3.93e-05,3.93e-05,3.93e-05,3.93e-05,3.93e-05,3.93e-05
FALSE,FALSE,FALSE,FALSE,FALSE,FALSE,FALSE,FALSE,FALSE,FALSE,FALSE,FALSE,FALSE,FALSE,FALSE,15,821,5405,1,1998,1,1,1,0,0,0,0,0,14,13,0,0,0,0,0,0,0,0,0,0,1,0.497763681,0.209289179,0.22597804,8.24e-05,8.24e-05,8.24e-05,0.064825467,8.24e-05,8.24e-05,8.24e-05,8.24e-05,8.24e-05,8.24e-05,8.24e-05,8.24e-05,8.24e-05,8.24e-05,8.24e-05,8.24e-05,8.24e-05,8.24e-05,8.24e-05,8.24e-05,8.24e-05,8.24e-05,8.24e-05,8.24e-05,8.24e-05,8.24e-05,8.24e-05
FALSE,TRUE,FALSE,TRUE,FALSE,FALSE,TRUE,FALSE,FALSE,FALSE,FALSE,FALSE,FALSE,FALSE,FALSE,49,1063,4766,6,2013,0,1,1,0,1,0,0,0,29,9,0,1,0,0,1,1,0,0,0,0,1,8.18e-05,8.18e-05,8.18e-05,8.18e-05,8.18e-05,0.010563415,8.18e-05,8.18e-05,8.18e-05,8.18e-05,0.198434844,8.18e-05,8.18e-05,8.18e-05,8.18e-05,8.18e-05,8.18e-05,8.18e-05,8.18e-05,8.18e-05,8.18e-05,8.18e-05,8.18e-05,0.015013462,8.18e-05,8.18e-05,8.18e-05,8.18e-05,0.581334519,0.19260966
FALSE,FALSE,FALSE,FALSE,FALSE,FALSE,FALSE,FALSE,FALSE,FALSE,FALSE,FALSE,FALSE,TRUE,FALSE,34,848,32759,7,2006,0,1,1,0,0,0,0,0,65,104,0,0,0,0,0,0,0,0,0,0,1,1.26e-05,1.26e-05,1.26e-05,1.26e-05,1.26e-05,0.188853205,0.004528499,1.26e-05,0.138627305,1.26e-05,0.015301849,0.057853456,0.068861959,0.020118859,1.26e-05,0.151288113,0.036843845,1.26e-05,1.26e-05,0.101562016,1.26e-05,1.26e-05,0.055074525,1.26e-05,0.057550012,0.080714723,0.022620766,1.26e-05,1.26e-05,1.26e-05
TRUE,FALSE,FALSE,FALSE,FALSE,FALSE,FALSE,FALSE,FALSE,FALSE,FALSE,FALSE,FALSE,FALSE,FALSE,61,805,3119,2,2013,0,1,1,0,0,0,0,1,132,84,0,0,0,0,0,1,0,0,0,0,1,0.000167,0.602860308,0.000167,0.000167,0.000167,0.000167,0.000167,0.000167,0.000167,0.000167,0.000167,0.243062974,0.000167,0.000167,0.000167,0.000167,0.000167,0.000167,0.000167,0.000167,0.094273255,0.000167,0.000167,0.000167,0.000167,0.000167,0.000167,0.000167,0.055454243,0.000167
FALSE,FALSE,TRUE,FALSE,FALSE,FALSE,TRUE,FALSE,FALSE,FALSE,TRUE,FALSE,FALSE,FALSE,FALSE,29,875,8012,7,1995,0,1,1,0,0,0,0,0,1,12,1,0,0,0,1,0,0,0,0,0,1,5.37e-05,5.37e-05,5.37e-05,5.37e-05,5.37e-05,5.37e-05,5.37e-05,5.37e-05,5.37e-05,5.37e-05,0.057459506,5.37e-05,5.37e-05,0.019518033,0.161522879,5.37e-05,5.37e-05,5.37e-05,5.37e-05,0.021243312,5.37e-05,5.37e-05,0.738913465,5.37e-05,5.37e-05,5.37e-05,5.37e-05,5.37e-05,5.37e-05,5.37e-05
FALSE,FALSE,FALSE,FALSE,FALSE,FALSE,FALSE,FALSE,FALSE,FALSE,FALSE,FALSE,FALSE,FALSE,FALSE,68,831,6314,2,2006,0,1,1,0,0,0,0,0,13,1,0,0,1,0,1,1,0,0,0,0,1,6.62e-05,6.62e-05,6.62e-05,6.62e-05,6.62e-05,6.62e-05,6.62e-05,6.62e-05,0.067065419,6.62e-05,6.62e-05,6.62e-05,0.187282521,6.62e-05,0.377769115,0.062338651,0.033431994,6.62e-05,6.62e-05,0.270523209,6.62e-05,6.62e-05,6.62e-05,6.62e-05,6.62e-05,6.62e-05,6.62e-05,6.62e-05,6.62e-05,6.62e-05
FALSE,FALSE,FALSE,FALSE,FALSE,FALSE,FALSE,FALSE,TRUE,FALSE,FALSE,TRUE,FALSE,FALSE,FALSE,44,398,1907,6,1990,0,0,0,0,0,0,0,0,4,2,0,0,0,0,0,0,0,0,0,0,1,0.000221,0.000221,0.000221,0.000221,0.000221,0.084693916,0.000221,0.000221,0.000221,0.000221,0.000221,0.000221,0.016560364,0.000221,0.000221,0.263556326,0.178055334,0.018827548,0.000221,0.000221,0.000221,0.000221,0.000221,0.000221,0.000221,0.000221,0.000221,0.433002479,0.000221,0.000221
FALSE,FALSE,FALSE,FALSE,FALSE,FALSE,FALSE,FALSE,FALSE,FALSE,FALSE,FALSE,FALSE,FALSE,FALSE,78,580,7132,5,2013,0,0,0,0,0,0,0,1,17,2,0,0,0,0,0,0,0,0,0,0,1,6.18e-05,0.331892615,6.18e-05,6.18e-05,6.18e-05,0.52562609,0.027576493,6.18e-05,6.18e-05,6.18e-05,6.18e-05,6.18e-05,6.18e-05,6.18e-05,6.18e-05,6.18e-05,6.18e-05,6.18e-05,0.10771759,6.18e-05,6.18e-05,6.18e-05,6.18e-05,6.18e-05,6.18e-05,6.18e-05,0.005642519,6.18e-05,6.18e-05,6.18e-05
FALSE,FALSE,FALSE,FALSE,FALSE,FALSE,FALSE,TRUE,FALSE,TRUE,FALSE,FALSE,FALSE,FALSE,FALSE,149,373,10384,10,2012,0,0,0,0,0,0,0,1,15,4,0,0,0,0,0,1,0,0,0,0,1,4.1e-05,4.1e-05,4.1e-05,4.1e-05,0.998809674,4.1e-05,4.1e-05,4.1e-05,4.1e-05,4.1e-05,4.1e-05,4.1e-05,4.1e-05,4.1e-05,4.1e-05,4.1e-05,4.1e-05,4.1e-05,4.1e-05,4.1e-05,4.1e-05,4.1e-05,4.1e-05,4.1e-05,4.1e-05,4.1e-05,4.1e-05,4.1e-05,4.1e-05,4.1e-05
TRUE,FALSE,FALSE,FALSE,FALSE,FALSE,FALSE,FALSE,FALSE,FALSE,FALSE,FALSE,FALSE,FALSE,FALSE,54,931,12790,4,1991,0,1,1,0,0,0,0,0,29,30,0,0,0,0,0,0,0,0,0,0,1,3.05e-05,3.05e-05,3.05e-05,3.05e-05,3.05e-05,3.05e-05,3.05e-05,3.05e-05,3.05e-05,3.05e-05,3.05e-05,3.05e-05,3.05e-05,3.05e-05,3.05e-05,3.05e-05,3.05e-05,3.05e-05,0.926207883,0.072937893,3.05e-05,3.05e-05,3.05e-05,3.05e-05,3.05e-05,3.05e-05,3.05e-05,3.05e-05,3.05e-05,3.05e-05
FALSE,FALSE,FALSE,FALSE,FALSE,FALSE,FALSE,FALSE,FALSE,FALSE,FALSE,FALSE,TRUE,FALSE,FALSE,44,937,15999,3,2014,0,1,1,0,0,0,0,0,34,3,0,0,0,0,0,1,0,0,0,0,1,2.51e-05,2.51e-05,2.51e-05,2.51e-05,0.029415041,2.51e-05,0.297109537,2.51e-05,2.51e-05,2.51e-05,2.51e-05,0.194020584,2.51e-05,2.51e-05,2.51e-05,2.51e-05,2.51e-05,2.51e-05,2.51e-05,2.51e-05,2.51e-05,2.51e-05,2.51e-05,2.51e-05,0.12599949,0.05644652,0.296405418,2.51e-05,2.51e-05,2.51e-05
FALSE,FALSE,TRUE,FALSE,FALSE,FALSE,FALSE,FALSE,FALSE,FALSE,FALSE,FALSE,FALSE,FALSE,FALSE,58,902,6160,4,2007,0,1,1,0,0,0,0,0,31,28,1,0,0,0,1,0,0,0,0,0,1,6.48e-05,6.48e-05,6.48e-05,6.48e-05,6.48e-05,0.055794628,6.48e-05,0.287779302,0.040025064,6.48e-05,6.48e-05,6.48e-05,6.48e-05,6.48e-05,6.48e-05,6.48e-05,6.48e-05,6.48e-05,6.48e-05,0.112704561,6.48e-05,6.48e-05,0.094218914,6.48e-05,0.034115689,6.48e-05,0.373872296,6.48e-05,6.48e-05,6.48e-05
FALSE,FALSE,FALSE,FALSE,FALSE,FALSE,TRUE,FALSE,FALSE,FALSE,TRUE,FALSE,FALSE,FALSE,FALSE,52,553,7366,2,2010,0,1,1,0,0,0,0,0,24,117,0,0,0,0,0,1,0,0,0,0,1,5.14e-05,0.050056321,5.14e-05,5.14e-05,5.14e-05,5.14e-05,5.14e-05,5.14e-05,5.14e-05,5.14e-05,0.189031857,5.14e-05,5.14e-05,5.14e-05,0.171289695,5.14e-05,5.14e-05,5.14e-05,5.14e-05,5.14e-05,5.14e-05,5.14e-05,0.259930842,5.14e-05,5.14e-05,5.14e-05,5.14e-05,5.14e-05,0.262519214,0.065938941
FALSE,FALSE,FALSE,FALSE,FALSE,TRUE,FALSE,FALSE,FALSE,FALSE,FALSE,FALSE,FALSE,FALSE,FALSE,21,1320,4223,1,2000,0,0,0,0,0,0,0,0,9,12,0,0,0,0,0,0,0,0,0,0,1,0.000101,0.000101,0.000101,0.32947951,0.000101,0.000101,0.000101,0.000101,0.000101,0.000101,0.000101,0.000101,0.279481446,0.000101,0.000101,0.217602214,0.000101,0.000101,0.000101,0.000101,0.000101,0.000101,0.000101,0.000101,0.000101,0.000101,0.000101,0.000101,0.170801146,0.000101
FALSE,FALSE,FALSE,FALSE,FALSE,FALSE,FALSE,FALSE,FALSE,FALSE,FALSE,FALSE,FALSE,TRUE,FALSE,39,802,12042,15,2008,0,0,0,0,0,0,0,0,15,2,0,0,0,0,0,0,0,0,0,0,1,3.76e-05,0.109249438,0.171919633,3.76e-05,3.76e-05,3.76e-05,3.76e-05,3.76e-05,3.76e-05,3.76e-05,3.76e-05,0.022878898,3.76e-05,0.053549783,3.76e-05,0.227972035,3.76e-05,3.76e-05,3.76e-05,3.76e-05,3.76e-05,3.76e-05,3.76e-05,3.76e-05,3.76e-05,3.76e-05,3.76e-05,0.413528885,3.76e-05,3.76e-05
FALSE,FALSE,FALSE,FALSE,FALSE,FALSE,TRUE,FALSE,FALSE,FALSE,TRUE,FALSE,TRUE,FALSE,FALSE,25,410,11752,4,2014,0,0,0,0,0,0,0,0,8,3,0,0,0,0,0,1,0,0,0,0,1,3.42e-05,3.42e-05,3.42e-05,0.004440065,3.42e-05,3.42e-05,3.42e-05,3.42e-05,0.007968218,3.42e-05,0.056254195,3.42e-05,3.42e-05,3.42e-05,3.42e-05,3.42e-05,3.42e-05,3.42e-05,3.42e-05,3.42e-05,0.139879003,0.458672467,0.16292708,3.42e-05,3.42e-05,3.42e-05,3.42e-05,3.42e-05,0.16907301,3.42e-05
FALSE,FALSE,FALSE,FALSE,FALSE,FALSE,FALSE,TRUE,FALSE,FALSE,FALSE,FALSE,FALSE,FALSE,FALSE,59,635,3883,2,2007,0,1,1,0,0,0,0,0,16,9,0,0,0,0,0,0,0,0,0,0,1,0.000108,0.000108,0.09512342,0.000108,0.198688604,0.000108,0.000108,0.000108,0.000108,0.177434762,0.000108,0.000108,0.000108,0.185685147,0.000108,0.16679366,0.000108,0.000108,0.173672073,0.000108,0.000108,0.000108,0.000108,0.000108,0.000108,0.000108,0.000108,0.000108,0.000108,0.000108
FALSE,FALSE,FALSE,FALSE,FALSE,FALSE,TRUE,FALSE,FALSE,FALSE,TRUE,FALSE,FALSE,FALSE,FALSE,45,841,4709,7,2005,0,0,0,0,0,0,0,0,5,13,0,0,0,0,0,0,0,0,0,0,1,8.43e-05,8.43e-05,8.43e-05,8.43e-05,8.43e-05,8.43e-05,8.43e-05,8.43e-05,8.43e-05,8.43e-05,0.267950612,8.43e-05,8.43e-05,8.43e-05,0.56299315,8.43e-05,8.43e-05,0.030538681,8.43e-05,8.43e-05,8.43e-05,0.03941422,0.096995158,8.43e-05,8.43e-05,8.43e-05,8.43e-05,8.43e-05,8.43e-05,8.43e-05
FALSE,FALSE,FALSE,FALSE,TRUE,FALSE,FALSE,FALSE,FALSE,FALSE,FALSE,FALSE,FALSE,FALSE,FALSE,28,712,10981,3,2010,0,1,1,0,0,0,0,0,24,3,1,0,0,0,1,0,0,0,0,0,1,3.61e-05,3.61e-05,3.61e-05,3.61e-05,3.61e-05,3.61e-05,3.61e-05,3.61e-05,3.61e-05,3.61e-05,3.61e-05,3.61e-05,3.61e-05,3.61e-05,3.61e-05,0.141179762,3.61e-05,0.138062473,3.61e-05,3.61e-05,0.464319791,3.61e-05,3.61e-05,3.61e-05,3.61e-05,3.61e-05,3.61e-05,0.005599404,3.61e-05,0.24993523
FALSE,FALSE,FALSE,FALSE,TRUE,FALSE,FALSE,TRUE,TRUE,FALSE,FALSE,TRUE,FALSE,FALSE,FALSE,27,394,5557,6,2014,1,1,1,0,0,0,0,0,17,1,1,0,0,0,1,1,0,0,0,0,1,7.53e-05,7.53e-05,0.064808284,7.53e-05,7.53e-05,7.53e-05,7.53e-05,7.53e-05,7.53e-05,7.53e-05,7.53e-05,7.53e-05,7.53e-05,7.53e-05,7.53e-05,0.933082965,7.53e-05,7.53e-05,7.53e-05,7.53e-05,7.53e-05,7.53e-05,7.53e-05,7.53e-05,7.53e-05,7.53e-05,7.53e-05,7.53e-05,7.53e-05,7.53e-05
TRUE,TRUE,FALSE,FALSE,TRUE,FALSE,FALSE,FALSE,FALSE,FALSE,FALSE,FALSE,FALSE,FALSE,FALSE,60,813,9029,14,2005,0,0,0,0,0,0,0,0,9,37,0,0,0,0,0,0,0,0,0,0,1,5.05e-05,5.05e-05,0.01906079,0.036508305,5.05e-05,0.241432103,5.05e-05,5.05e-05,5.05e-05,5.05e-05,5.05e-05,0.065247998,5.05e-05,5.05e-05,5.05e-05,5.05e-05,5.05e-05,5.05e-05,5.05e-05,5.05e-05,5.05e-05,5.05e-05,5.05e-05,5.05e-05,5.05e-05,5.05e-05,5.05e-05,5.05e-05,0.0117896,0.624749121
TRUE,FALSE,FALSE,FALSE,FALSE,FALSE,FALSE,FALSE,FALSE,TRUE,FALSE,FALSE,FALSE,FALSE,TRUE,62,970,20674,15,2016,0,1,1,0,0,0,0,1,1073,5,1,0,0,0,1,1,0,0,0,0,1,1.8e-05,1.8e-05,1.8e-05,0.662285614,1.8e-05,1.8e-05,1.8e-05,1.8e-05,1.8e-05,1.8e-05,0.004521138,0.173232872,1.8e-05,1.8e-05,1.8e-05,1.8e-05,1.8e-05,1.8e-05,1.8e-05,1.8e-05,1.8e-05,1.8e-05,1.8e-05,0.036935202,1.8e-05,1.8e-05,1.8e-05,1.8e-05,0.040839034,0.081753096
FALSE,FALSE,FALSE,FALSE,TRUE,FALSE,FALSE,TRUE,FALSE,FALSE,FALSE,FALSE,FALSE,FALSE,FALSE,63,300,11759,3,1992,0,0,0,0,0,0,0,0,5,76,0,0,0,0,0,0,0,0,0,0,1,3.81e-05,0.311372543,0.027399349,3.81e-05,0.061657082,0.028018191,3.81e-05,3.81e-05,3.81e-05,3.81e-05,3.81e-05,3.81e-05,3.81e-05,3.81e-05,3.81e-05,0.487079423,3.81e-05,3.81e-05,3.81e-05,3.81e-05,3.81e-05,3.81e-05,3.81e-05,3.81e-05,0.032968453,3.81e-05,3.81e-05,0.050627827,3.81e-05,3.81e-05
FALSE,FALSE,FALSE,FALSE,FALSE,FALSE,FALSE,FALSE,FALSE,FALSE,FALSE,FALSE,FALSE,FALSE,FALSE,75,375,2572,1,1978,0,1,1,0,0,0,0,0,6,4,0,0,0,1,1,1,0,0,0,0,1,0.00016,0.424277513,0.230321945,0.00016,0.00016,0.00016,0.00016,0.00016,0.00016,0.00016,0.00016,0.00016,0.00016,0.00016,0.00016,0.315899446,0.00016,0.00016,0.00016,0.00016,0.00016,0.00016,0.00016,0.00016,0.00016,0.025340064,0.00016,0.00016,0.00016,0.00016
FALSE,FALSE,FALSE,FALSE,FALSE,FALSE,FALSE,FALSE,FALSE,FALSE,FALSE,FALSE,FALSE,FALSE,FALSE,55,533,4601,2,1979,0,0,0,0,0,0,0,0,6,11,0,0,0,0,0,0,0,0,0,0,1,0.126195314,9.02e-05,0.018442661,9.02e-05,0.10154546,9.02e-05,0.127442183,9.02e-05,9.02e-05,9.02e-05,9.02e-05,9.02e-05,9.02e-05,9.02e-05,9.02e-05,9.02e-05,9.02e-05,9.02e-05,0.624118322,9.02e-05,9.02e-05,9.02e-05,9.02e-05,9.02e-05,9.02e-05,9.02e-05,9.02e-05,9.02e-05,9.02e-05,9.02e-05
FALSE,FALSE,FALSE,FALSE,TRUE,FALSE,FALSE,FALSE,FALSE,FALSE,FALSE,FALSE,FALSE,FALSE,FALSE,52,810,8470,5,1990,0,1,1,0,0,0,0,0,24,86,0,0,0,0,0,1,0,0,0,0,1,5.09e-05,0.221267214,5.09e-05,5.09e-05,5.09e-05,0.206044467,5.09e-05,5.09e-05,5.09e-05,5.09e-05,5.09e-05,0.056759321,5.09e-05,5.09e-05,5.09e-05,0.0961695,5.09e-05,5.09e-05,0.234057778,5.09e-05,5.09e-05,5.09e-05,5.09e-05,5.09e-05,5.09e-05,0.184481304,5.09e-05,5.09e-05,5.09e-05,5.09e-05
FALSE,FALSE,FALSE,FALSE,FALSE,FALSE,FALSE,FALSE,FALSE,FALSE,FALSE,FALSE,FALSE,FALSE,FALSE,98,984,8708,11,2016,0,1,1,0,0,0,0,0,1051,2,1,0,0,0,1,0,0,0,0,0,1,4.34e-05,0.018672138,4.34e-05,0.463575631,4.34e-05,4.34e-05,4.34e-05,4.34e-05,4.34e-05,4.34e-05,4.34e-05,0.350041461,4.34e-05,4.34e-05,0.008013644,4.34e-05,4.34e-05,4.34e-05,4.34e-05,4.34e-05,4.34e-05,4.34e-05,4.34e-05,4.34e-05,4.34e-05,4.34e-05,0.135106444,4.34e-05,4.34e-05,0.023549244
FALSE,FALSE,FALSE,FALSE,FALSE,TRUE,FALSE,FALSE,FALSE,FALSE,FALSE,FALSE,FALSE,FALSE,FALSE,66,834,6149,1,2015,0,1,1,0,0,0,0,0,13,1,0,1,0,0,1,0,0,0,0,0,1,6.79e-05,6.79e-05,6.79e-05,6.79e-05,6.79e-05,0.041744747,6.79e-05,0.247799324,6.79e-05,6.79e-05,6.79e-05,0.255253034,6.79e-05,6.79e-05,6.79e-05,6.79e-05,6.79e-05,6.79e-05,0.01146461,6.79e-05,6.79e-05,6.79e-05,6.79e-05,0.035385556,0.311907164,6.79e-05,0.058523081,6.79e-05,6.79e-05,0.036429058
FALSE,FALSE,FALSE,FALSE,FALSE,FALSE,FALSE,FALSE,FALSE,TRUE,FALSE,FALSE,FALSE,FALSE,FALSE,119,832,25738,3,2008,0,0,0,0,0,0,0,0,9,3,0,0,0,0,0,0,0,0,0,0,1,1.89e-05,0.068181204,0.002530729,1.89e-05,0.086749844,0.076212025,1.89e-05,1.89e-05,1.89e-05,1.89e-05,1.89e-05,1.89e-05,0.615570568,1.89e-05,1.89e-05,1.89e-05,0.083432037,1.89e-05,0.01919891,0.035247934,1.89e-05,1.89e-05,0.007954794,1.89e-05,1.89e-05,1.89e-05,1.89e-05,1.89e-05,0.004543789,1.89e-05
TRUE,TRUE,FALSE,TRUE,FALSE,TRUE,FALSE,FALSE,FALSE,FALSE,FALSE,FALSE,FALSE,FALSE,FALSE,97,904,7288,17,2015,0,1,1,0,0,0,0,0,3,8,1,0,0,0,1,0,0,0,0,0,1,5.57e-05,0.089911376,5.57e-05,0.100493656,0.013368492,5.57e-05,5.57e-05,5.57e-05,5.57e-05,5.57e-05,0.004048393,0.295663205,5.57e-05,5.57e-05,5.57e-05,5.57e-05,5.57e-05,5.57e-05,5.57e-05,5.57e-05,0.087434081,5.57e-05,0.163440523,0.032011188,5.57e-05,5.57e-05,5.57e-05,5.57e-05,5.57e-05,0.212458638
TRUE,FALSE,FALSE,FALSE,FALSE,FALSE,FALSE,FALSE,FALSE,FALSE,FALSE,FALSE,FALSE,FALSE,FALSE,35,777,8547,6,2013,0,1,1,0,0,0,0,0,5,2,0,0,0,0,0,0,0,0,0,0,1,5.16e-05,5.16e-05,5.16e-05,0.159067166,5.16e-05,5.16e-05,5.16e-05,5.16e-05,5.16e-05,5.16e-05,5.16e-05,0.259803694,5.16e-05,5.16e-05,5.16e-05,5.16e-05,5.16e-05,5.16e-05,5.16e-05,5.16e-05,0.129777625,0.161348764,5.16e-05,5.16e-05,0.161685747,5.16e-05,0.127077417,5.16e-05,5.16e-05,5.16e-05
FALSE,FALSE,FALSE,FALSE,FALSE,FALSE,FALSE,TRUE,FALSE,FALSE,FALSE,FALSE,FALSE,FALSE,FALSE,62,531,14741,4,2008,0,0,0,0,0,0,0,0,13,6,0,0,0,0,0,1,0,0,0,0,1,2.88e-05,2.88e-05,2.88e-05,2.88e-05,0.099692418,2.88e-05,2.88e-05,2.88e-05,2.88e-05,2.88e-05,2.88e-05,2.88e-05,2.88e-05,2.88e-05,2.88e-05,0.236528367,0.391328496,2.88e-05,0.27170154,2.88e-05,2.88e-05,2.88e-05,2.88e-05,2.88e-05,2.88e-05,2.88e-05,2.88e-05,2.88e-05,2.88e-05,2.88e-05
FALSE,FALSE,FALSE,TRUE,FALSE,TRUE,FALSE,FALSE,FALSE,FALSE,FALSE,FALSE,FALSE,FALSE,FALSE,54,961,2976,12,2016,0,1,1,0,0,0,0,0,29,2,0,0,0,0,0,1,0,0,0,0,1,0.000143,0.000143,0.000143,0.000143,0.000143,0.000143,0.000143,0.000143,0.000143,0.000143,0.000143,0.000143,0.000143,0.000143,0.000143,0.000143,0.000143,0.000143,0.000143,0.000143,0.087575265,0.000143,0.000143,0.000143,0.538428442,0.000143,0.000143,0.000143,0.000143,0.370134715
FALSE,FALSE,FALSE,FALSE,FALSE,FALSE,TRUE,FALSE,FALSE,FALSE,TRUE,FALSE,FALSE,FALSE,FALSE,56,706,4694,7,1999,0,1,1,0,0,0,0,0,6,17,0,0,0,1,1,1,0,0,0,0,1,8.81e-05,8.81e-05,8.81e-05,8.81e-05,8.81e-05,8.81e-05,8.81e-05,8.81e-05,8.81e-05,8.81e-05,0.031186865,8.81e-05,8.81e-05,8.81e-05,8.81e-05,8.81e-05,8.81e-05,8.81e-05,8.81e-05,8.81e-05,8.81e-05,0.111404668,0.526556711,8.81e-05,8.81e-05,0.024633188,8.81e-05,8.81e-05,0.170620998,0.133483338
FALSE,FALSE,FALSE,FALSE,FALSE,FALSE,FALSE,FALSE,FALSE,FALSE,FALSE,TRUE,FALSE,FALSE,FALSE,41,914,15508,6,2016,0,0,0,0,0,0,0,0,12,2,0,0,0,0,0,1,0,0,0,0,1,2.51e-05,2.51e-05,0.16033481,2.51e-05,2.51e-05,0.086623579,2.51e-05,2.51e-05,2.51e-05,2.51e-05,2.51e-05,2.51e-05,2.51e-05,2.51e-05,2.51e-05,0.387029942,2.51e-05,2.51e-05,2.51e-05,2.51e-05,2.51e-05,2.51e-05,2.51e-05,2.51e-05,2.51e-05,2.51e-05,2.51e-05,0.36536019,2.51e-05,2.51e-05
FALSE,FALSE,FALSE,FALSE,FALSE,FALSE,FALSE,TRUE,FALSE,FALSE,FALSE,FALSE,FALSE,FALSE,FALSE,27,566,4524,3,1989,0,1,1,0,0,0,0,0,5,1,0,0,0,0,0,0,0,0,0,0,1,8.68e-05,0.011682089,8.68e-05,8.68e-05,0.210764742,8.68e-05,8.68e-05,8.68e-05,8.68e-05,8.68e-05,8.68e-05,8.68e-05,0.063742789,8.68e-05,8.68e-05,8.68e-05,8.68e-05,8.68e-05,0.31545864,8.68e-05,8.68e-05,0.027537033,0.368731485,8.68e-05,8.68e-05,8.68e-05,8.68e-05,8.68e-05,8.68e-05,8.68e-05
FALSE,FALSE,FALSE,FALSE,FALSE,FALSE,FALSE,TRUE,FALSE,TRUE,FALSE,FALSE,FALSE,FALSE,FALSE,55,874,14947,10,1996,0,0,0,0,0,0,0,0,7,4,0,0,0,0,0,1,0,0,0,0,1,2.79e-05,2.79e-05,2.79e-05,2.79e-05,0.406600571,2.79e-05,2.79e-05,2.79e-05,2.79e-05,2.79e-05,2.79e-05,2.79e-05,0.444309676,2.79e-05,2.79e-05,2.79e-05,2.79e-05,2.79e-05,2.79e-05,2.79e-05,2.79e-05,2.79e-05,0.075906692,2.79e-05,2.79e-05,2.79e-05,2.79e-05,2.79e-05,2.79e-05,0.072458574
TRUE,FALSE,FALSE,TRUE,FALSE,FALSE,FALSE,FALSE,FALSE,FALSE,FALSE,FALSE,FALSE,FALSE,FALSE,88,893,4201,14,2015,0,1,1,0,0,0,0,0,42,4,0,0,0,0,0,1,0,0,0,0,1,0.000101,0.000101,0.000101,0.000101,0.000101,0.000101,0.000101,0.000101,0.000101,0.000101,0.000101,0.184039453,0.000101,0.000100683,0.000101,0.000101,0.000101,0.000101,0.000101,0.000101,0.054280649,0.000101,0.000101,0.000101,0.168517433,0.000101,0.133427162,0.000101,0.000101,0.457218239
FALSE,FALSE,FALSE,FALSE,FALSE,FALSE,FALSE,FALSE,FALSE,FALSE,FALSE,FALSE,FALSE,FALSE,FALSE,25,780,8060,4,2005,0,0,1,0,0,0,0,0,83,25,0,0,0,0,0,0,0,0,0,0,1,0.45651525,5.14e-05,0.013100557,5.14e-05,0.123291479,5.14e-05,5.14e-05,5.14e-05,5.14e-05,5.14e-05,0.002128067,0.017449145,0.038987018,5.14e-05,5.14e-05,0.133550791,5.14e-05,5.14e-05,5.14e-05,5.14e-05,5.14e-05,0.028518067,5.14e-05,5.14e-05,0.033883284,5.14e-05,0.044966916,0.05270896,0.053975618,5.14e-05
FALSE,TRUE,FALSE,TRUE,FALSE,FALSE,FALSE,FALSE,FALSE,FALSE,FALSE,FALSE,FALSE,TRUE,FALSE,90,847,6739,14,2015,0,0,1,0,0,1,0,1,9,10,0,0,0,0,0,0,0,0,0,0,1,6.18e-05,0.034832923,6.18e-05,6.18e-05,6.18e-05,0.418021801,6.18e-05,6.18e-05,0.035193611,6.18e-05,6.18e-05,6.18e-05,6.18e-05,6.18e-05,6.18e-05,6.18e-05,0.137067198,6.18e-05,6.18e-05,6.18e-05,6.18e-05,6.18e-05,6.18e-05,6.18e-05,6.18e-05,6.18e-05,6.18e-05,6.18e-05,6.18e-05,0.373339775
FALSE,FALSE,FALSE,FALSE,TRUE,FALSE,FALSE,FALSE,FALSE,FALSE,FALSE,FALSE,FALSE,FALSE,FALSE,54,1227,4700,3,1989,0,0,0,0,0,0,0,0,4,17,0,0,0,0,0,0,0,0,0,0,1,9.43e-05,0.084018949,0.079285433,9.43e-05,9.43e-05,0.031930812,9.43e-05,0.020217642,9.43e-05,9.43e-05,9.43e-05,0.044633408,9.43e-05,9.43e-05,9.43e-05,0.580480257,9.43e-05,9.43e-05,9.43e-05,9.43e-05,9.43e-05,9.43e-05,0.096086213,9.43e-05,9.43e-05,9.43e-05,9.43e-05,9.43e-05,9.43e-05,0.061273405
TRUE,TRUE,FALSE,FALSE,FALSE,FALSE,FALSE,FALSE,FALSE,FALSE,FALSE,FALSE,FALSE,TRUE,FALSE,36,826,5320,5,2015,0,1,1,0,0,0,0,0,3,2,0,1,0,0,1,0,0,0,0,0,1,6.62e-05,6.62e-05,6.62e-05,6.62e-05,6.62e-05,0.356184765,6.62e-05,6.62e-05,6.62e-05,6.62e-05,6.62e-05,6.62e-05,6.62e-05,6.62e-05,6.62e-05,0.051458079,6.62e-05,0.031391313,6.62e-05,0.112869718,6.62e-05,6.62e-05,6.62e-05,0.039180641,6.62e-05,6.62e-05,6.62e-05,6.62e-05,0.015838855,0.391553751
FALSE,TRUE,FALSE,FALSE,FALSE,FALSE,FALSE,FALSE,FALSE,FALSE,FALSE,FALSE,FALSE,FALSE,FALSE,66,788,3647,1,2014,0,1,1,1,0,0,0,0,5,17,1,0,0,0,1,1,0,1,0,0,0,0.000132,0.000132,0.000132,0.000132,0.000132,0.000132,0.000132,0.000132,0.000132,0.000132,0.000132,0.683536128,0.000132,0.000132,0.000132,0.000132,0.000132,0.000132,0.000132,0.000132,0.000132,0.000132,0.000132,0.000132,0.312779801,0.000132,0.000132,0.000132,0.000132,0.000132
FALSE,FALSE,FALSE,FALSE,FALSE,FALSE,FALSE,FALSE,FALSE,FALSE,FALSE,FALSE,FALSE,FALSE,FALSE,25,664,2489,1,1979,0,0,0,0,0,0,0,0,4,37,0,0,0,0,0,1,0,0,0,0,1,0.000166,0.000166,0.000166,0.000166,0.116396163,0.000166,0.095613733,0.000166,0.000166,0.000166,0.000166,0.050280831,0.000166,0.000166,0.000166,0.733384503,0.000166,0.000166,0.000166,0.000166,0.000166,0.000166,0.000166,0.000166,0.000166,0.000166,0.000166,0.000166,0.000166,0.000166
TRUE,FALSE,FALSE,FALSE,FALSE,FALSE,FALSE,FALSE,FALSE,FALSE,FALSE,FALSE,FALSE,FALSE,FALSE,38,627,13027,2,2004,0,1,1,0,0,0,0,0,11,24,0,0,0,0,0,1,0,0,0,0,1,3.22e-05,3.22e-05,3.22e-05,0.020430332,3.22e-05,3.22e-05,3.22e-05,3.22e-05,3.22e-05,3.22e-05,3.22e-05,3.22e-05,3.22e-05,3.22e-05,3.22e-05,3.22e-05,3.22e-05,0.011615246,3.22e-05,0.030337266,0.22246051,3.22e-05,0.183981882,3.22e-05,0.19882264,3.22e-05,3.22e-05,3.22e-05,3.22e-05,0.331612299
TRUE,FALSE,TRUE,FALSE,FALSE,FALSE,FALSE,FALSE,FALSE,FALSE,FALSE,FALSE,FALSE,FALSE,FALSE,56,673,6342,3,1990,0,1,1,0,0,0,0,0,3,184,0,0,0,0,0,1,0,0,0,0,1,6.39e-05,6.39e-05,6.39e-05,6.39e-05,0.097071683,6.39e-05,6.39e-05,6.39e-05,0.050416482,0.015971382,0.178624159,6.39e-05,6.39e-05,6.39e-05,6.39e-05,6.39e-05,6.39e-05,6.39e-05,6.39e-05,6.39e-05,6.39e-05,6.39e-05,0.232607966,0.015797287,6.39e-05,0.303857471,6.39e-05,0.014716195,0.089594983,6.39e-05
TRUE,FALSE,FALSE,FALSE,FALSE,TRUE,FALSE,FALSE,FALSE,FALSE,FALSE,FALSE,FALSE,FALSE,FALSE,67,903,3890,7,2002,0,1,1,0,0,0,0,0,44,191,0,0,0,0,0,1,0,0,0,0,1,0.000104,0.145648225,0.000104,0.000104,0.000104,0.000104,0.000104,0.108411149,0.000104,0.000104,0.02156546,0.307961954,0.000104,0.000104,0.000104,0.000104,0.000104,0.000104,0.000104,0.000104,0.269659976,0.000104,0.053651656,0.000104,0.000104,0.000104,0.000104,0.016148335,0.074660205,0.000104
TRUE,TRUE,FALSE,FALSE,TRUE,TRUE,FALSE,FALSE,FALSE,FALSE,FALSE,FALSE,FALSE,TRUE,FALSE,30,689,3034,15,2017,0,1,1,0,0,1,0,0,17,1,0,1,1,0,1,0,0,0,0,0,1,0.000114,0.000114,0.000114,0.000114,0.000114,0.246731927,0.000114,0.000114,0.000114,0.000114,0.000114,0.155496834,0.000114,0.000114,0.000114,0.000114,0.000114,0.000114,0.000114,0.000114,0.000114,0.000114,0.000114,0.000114,0.000114,0.000114,0.000114,0.000114,0.000114,0.594685295
FALSE,FALSE,FALSE,FALSE,FALSE,FALSE,FALSE,TRUE,TRUE,FALSE,FALSE,TRUE,FALSE,FALSE,FALSE,50,1091,4633,8,2003,0,1,1,0,0,0,0,0,8,5,0,0,0,0,0,0,0,0,0,0,1,9.71e-05,9.71e-05,0.049425476,9.71e-05,0.43164377,0.078548883,0.319789027,9.71e-05,9.71e-05,9.71e-05,9.71e-05,9.71e-05,9.71e-05,9.71e-05,9.71e-05,9.71e-05,9.71e-05,9.71e-05,0.118166592,9.71e-05,9.71e-05,9.71e-05,9.71e-05,9.71e-05,9.71e-05,9.71e-05,9.71e-05,9.71e-05,9.71e-05,9.71e-05
FALSE,FALSE,FALSE,FALSE,FALSE,FALSE,FALSE,TRUE,FALSE,FALSE,FALSE,FALSE,FALSE,FALSE,FALSE,50,619,8666,3,1993,0,1,1,0,0,0,0,0,20,42,0,0,0,0,0,1,0,0,0,0,1,4.4e-05,0.069362421,4.4e-05,0.027189687,0.128762145,4.4e-05,4.4e-05,4.4e-05,4.4e-05,0.115732535,4.4e-05,4.4e-05,4.4e-05,4.4e-05,4.4e-05,0.029236196,4.4e-05,4.4e-05,0.215932625,4.4e-05,4.4e-05,4.4e-05,0.060774814,4.4e-05,0.286736144,4.4e-05,0.026300128,0.039093831,4.4e-05,4.4e-05
FALSE,FALSE,FALSE,TRUE,FALSE,FALSE,FALSE,FALSE,FALSE,FALSE,FALSE,FALSE,FALSE,FALSE,FALSE,78,547,6100,4,2004,0,1,1,0,0,0,0,0,5,43,0,0,0,0,0,0,0,0,0,0,1,6.46e-05,6.46e-05,6.46e-05,0.21071517,6.46e-05,6.46e-05,6.46e-05,6.46e-05,6.46e-05,6.46e-05,6.46e-05,0.104712269,6.46e-05,6.46e-05,6.46e-05,6.46e-05,6.46e-05,6.46e-05,6.46e-05,6.46e-05,6.46e-05,6.46e-05,6.46e-05,6.46e-05,0.682827782,6.46e-05,6.46e-05,6.46e-05,6.46e-05,6.46e-05
TRUE,FALSE,FALSE,FALSE,FALSE,FALSE,FALSE,FALSE,FALSE,FALSE,FALSE,FALSE,FALSE,FALSE,FALSE,58,396,13833,2,1995,0,1,1,0,0,0,0,0,2,15,0,1,0,0,1,1,0,0,0,0,1,2.88e-05,2.88e-05,2.88e-05,2.88e-05,2.88e-05,2.88e-05,0.258345814,0.043441512,2.88e-05,2.88e-05,2.88e-05,0.06352137,2.88e-05,2.88e-05,2.88e-05,2.88e-05,2.88e-05,2.88e-05,2.88e-05,2.88e-05,2.88e-05,0.188306837,2.88e-05,2.88e-05,0.209845519,2.88e-05,0.216466004,2.88e-05,2.88e-05,0.019411495
TRUE,FALSE,FALSE,FALSE,FALSE,TRUE,FALSE,FALSE,FALSE,FALSE,FALSE,FALSE,FALSE,FALSE,FALSE,82,661,1402,6,2015,0,1,0,0,0,0,0,0,20,1,0,0,0,0,0,1,0,0,0,0,1,0.000296,0.000296,0.000296,0.000296,0.000296,0.000296,0.000296,0.079937506,0.000296,0.000296,0.000296,0.630162673,0.000296,0.000296,0.000296,0.000296,0.000296,0.000296,0.000296,0.000296,0.000296,0.000296,0.000296,0.107888655,0.065675592,0.000296,0.000296,0.000296,0.108929915,0.000296
TRUE,FALSE,TRUE,FALSE,FALSE,FALSE,FALSE,FALSE,FALSE,FALSE,FALSE,FALSE,FALSE,FALSE,FALSE,101,475,14950,9,2000,0,0,0,0,0,0,0,0,6,145,0,0,0,0,0,1,0,0,0,0,1,0.026403601,2.9e-05,2.9e-05,2.9e-05,2.9e-05,2.9e-05,2.9e-05,2.9e-05,2.9e-05,2.9e-05,2.9e-05,0.020107255,2.9e-05,2.9e-05,2.9e-05,0.036110861,2.9e-05,2.9e-05,2.9e-05,2.9e-05,2.9e-05,2.9e-05,0.095163301,0.009416171,2.9e-05,2.9e-05,2.9e-05,2.9e-05,0.029946807,0.78218472
FALSE,FALSE,FALSE,FALSE,FALSE,TRUE,FALSE,FALSE,FALSE,FALSE,FALSE,TRUE,FALSE,FALSE,FALSE,85,1412,32759,5,2000,0,0,0,0,0,0,0,0,11,8,0,0,0,0,0,1,0,0,0,0,1,1.35e-05,1.35e-05,1.35e-05,0.292805554,1.35e-05,1.35e-05,1.35e-05,1.35e-05,1.35e-05,1.35e-05,1.35e-05,1.35e-05,0.207203587,1.35e-05,1.35e-05,0.281527753,0.10785736,1.35e-05,1.35e-05,1.35e-05,1.35e-05,1.35e-05,1.35e-05,1.35e-05,1.35e-05,1.35e-05,1.35e-05,1.35e-05,0.110267178,1.35e-05
FALSE,FALSE,FALSE,FALSE,FALSE,FALSE,FALSE,FALSE,FALSE,FALSE,FALSE,FALSE,FALSE,FALSE,FALSE,61,513,17671,1,2015,0,0,0,0,0,0,0,1,13,2,0,0,0,0,0,0,0,0,0,0,1,2.34e-05,2.34e-05,2.34e-05,2.34e-05,2.34e-05,2.34e-05,2.34e-05,2.34e-05,0.214682899,2.34e-05,2.34e-05,2.34e-05,2.34e-05,2.34e-05,2.34e-05,0.410272851,2.34e-05,2.34e-05,0.084009522,0.29042555,2.34e-05,2.34e-05,2.34e-05,2.34e-05,2.34e-05,2.34e-05,2.34e-05,2.34e-05,2.34e-05,2.34e-05
TRUE,FALSE,FALSE,FALSE,FALSE,FALSE,FALSE,FALSE,FALSE,FALSE,FALSE,FALSE,TRUE,FALSE,FALSE,74,711,6903,5,2010,0,1,1,0,0,0,0,1,46,2,1,0,0,0,1,0,0,0,0,0,1,5.81e-05,5.81e-05,0.012362164,5.81e-05,5.81e-05,5.81e-05,5.81e-05,5.81e-05,5.81e-05,5.81e-05,5.81e-05,0.316951867,5.81e-05,5.81e-05,5.81e-05,0.021571239,5.81e-05,5.81e-05,5.81e-05,5.81e-05,5.81e-05,5.81e-05,5.81e-05,5.81e-05,0.625539962,5.81e-05,0.022121139,5.81e-05,5.81e-05,5.81e-05
FALSE,FALSE,FALSE,FALSE,TRUE,TRUE,FALSE,FALSE,FALSE,FALSE,FALSE,FALSE,FALSE,FALSE,FALSE,88,513,2658,3,2013,0,1,1,0,1,0,0,0,19,20,0,1,0,0,1,0,0,0,0,0,1,0.00013,0.00013,0.00013,0.00013,0.00013,0.023156939,0.00013,0.00013,0.00013,0.00013,0.00013,0.174970822,0.00013,0.00013,0.00013,0.00013,0.00013,0.00013,0.00013,0.00013,0.00013,0.00013,0.00013,0.00013,0.00013,0.00013,0.00013,0.00013,0.00013,0.798366508
TRUE,TRUE,FALSE,FALSE,FALSE,FALSE,FALSE,FALSE,FALSE,FALSE,FALSE,FALSE,FALSE,FALSE,FALSE,66,992,6788,10,2015,0,1,1,1,0,0,0,0,6,4,1,0,0,0,1,1,0,1,0,0,0,6.65e-05,6.65e-05,6.65e-05,6.65e-05,6.65e-05,6.65e-05,6.65e-05,6.65e-05,6.65e-05,6.65e-05,6.65e-05,0.548100634,6.65e-05,6.65e-05,6.65e-05,6.65e-05,6.65e-05,6.65e-05,6.65e-05,6.65e-05,6.65e-05,6.65e-05,6.65e-05,0.068352178,0.381751425,6.65e-05,6.65e-05,6.65e-05,6.65e-05,6.65e-05
FALSE,FALSE,FALSE,FALSE,TRUE,FALSE,FALSE,FALSE,TRUE,FALSE,FALSE,FALSE,FALSE,FALSE,FALSE,67,481,9279,3,1992,0,0,0,0,0,0,0,0,4,3,0,0,0,0,0,1,0,0,0,0,1,4.71e-05,0.120802311,4.71e-05,4.71e-05,0.067529791,0.018811698,4.71e-05,4.71e-05,4.71e-05,4.71e-05,4.71e-05,0.061751275,4.71e-05,4.71e-05,4.71e-05,0.586629914,4.71e-05,4.71e-05,4.71e-05,0.009251082,0.043481859,4.71e-05,0.040665561,4.71e-05,4.71e-05,4.71e-05,4.71e-05,0.006847203,4.71e-05,0.043286801
TRUE,FALSE,TRUE,FALSE,FALSE,FALSE,FALSE,FALSE,FALSE,FALSE,FALSE,FALSE,FALSE,FALSE,FALSE,72,421,5792,3,2012,0,1,1,0,0,0,0,0,26,1,0,0,0,0,0,1,0,0,0,0,1,6.52e-05,6.52e-05,6.52e-05,6.52e-05,6.52e-05,6.52e-05,6.52e-05,6.52e-05,0.100302543,6.52e-05,6.52e-05,0.320105,6.52e-05,6.52e-05,6.52e-05,0.036922461,6.52e-05,6.52e-05,6.52e-05,6.52e-05,6.52e-05,0.17688029,6.52e-05,6.52e-05,0.106262713,6.52e-05,0.124492288,6.52e-05,0.112369895,0.02123061
TRUE,TRUE,FALSE,FALSE,FALSE,FALSE,FALSE,FALSE,FALSE,FALSE,FALSE,FALSE,FALSE,TRUE,FALSE,47,722,7999,19,2014,0,1,1,1,0,0,0,0,75,9,1,0,0,0,1,0,1,0,0,0,0,5.22e-05,5.22e-05,5.22e-05,5.22e-05,5.22e-05,5.22e-05,5.22e-05,5.22e-05,5.22e-05,5.22e-05,5.22e-05,0.653845255,5.22e-05,5.22e-05,5.22e-05,5.22e-05,0.249979294,5.22e-05,5.22e-05,5.22e-05,5.22e-05,5.22e-05,5.22e-05,5.22e-05,5.22e-05,5.22e-05,5.22e-05,5.22e-05,5.22e-05,0.094766155
FALSE,FALSE,TRUE,FALSE,FALSE,FALSE,FALSE,FALSE,FALSE,FALSE,FALSE,FALSE,FALSE,FALSE,FALSE,32,643,15059,2,2012,0,1,1,0,0,0,0,1,99,6,0,1,0,0,1,0,0,0,0,0,1,2.39e-05,2.39e-05,2.39e-05,2.39e-05,2.39e-05,2.39e-05,2.39e-05,0.13046725,2.39e-05,2.39e-05,2.39e-05,2.39e-05,2.39e-05,2.39e-05,2.39e-05,2.39e-05,2.39e-05,2.39e-05,2.39e-05,2.39e-05,2.39e-05,2.39e-05,2.39e-05,0.029669537,2.39e-05,2.39e-05,0.824126009,2.39e-05,0.015116225,2.39e-05
TRUE,FALSE,FALSE,FALSE,FALSE,FALSE,FALSE,FALSE,FALSE,FALSE,FALSE,FALSE,FALSE,FALSE,FALSE,13,742,4111,6,1985,0,0,0,0,0,0,0,0,6,44,0,0,0,0,0,0,0,0,0,0,1,9.87e-05,0.451094907,9.87e-05,9.87e-05,0.203052165,9.87e-05,0.025611011,9.87e-05,0.084911408,0.029660491,9.87e-05,9.87e-05,9.87e-05,9.87e-05,9.87e-05,0.021873869,9.87e-05,9.87e-05,9.87e-05,9.87e-05,9.87e-05,9.87e-05,0.053852196,9.87e-05,9.87e-05,9.87e-05,9.87e-05,0.012754873,0.043030225,0.072185492
TRUE,FALSE,TRUE,FALSE,FALSE,FALSE,FALSE,FALSE,FALSE,FALSE,FALSE,FALSE,FALSE,FALSE,FALSE,71,1593,14527,3,1996,0,1,1,0,0,0,0,0,11,61,1,0,0,0,1,1,0,0,0,0,1,2.71e-05,2.71e-05,2.71e-05,2.71e-05,0.02173434,2.71e-05,2.71e-05,2.71e-05,2.71e-05,2.71e-05,0.234312173,0.027337496,2.71e-05,2.71e-05,2.71e-05,2.71e-05,2.71e-05,2.71e-05,2.71e-05,2.71e-05,0.076567279,2.71e-05,0.433067583,2.71e-05,0.031924983,0.092793113,2.71e-05,2.71e-05,0.027468705,0.054225244
TRUE,FALSE,FALSE,FALSE,FALSE,FALSE,FALSE,FALSE,FALSE,FALSE,FALSE,FALSE,FALSE,FALSE,FALSE,169,977,11103,1,2000,0,1,1,0,0,0,0,0,7,30,1,0,0,0,1,0,0,0,0,0,1,3.7e-05,0.0504485,3.7e-05,3.7e-05,0.035203355,0.042968471,0.010006944,3.7e-05,3.7e-05,3.7e-05,3.7e-05,3.7e-05,3.7e-05,3.7e-05,0.078520034,3.7e-05,3.7e-05,3.7e-05,3.7e-05,3.7e-05,0.338295077,3.7e-05,0.194517397,3.7e-05,0.02495779,0.011587523,3.7e-05,3.7e-05,3.7e-05,0.212754145
FALSE,FALSE,FALSE,FALSE,FALSE,FALSE,FALSE,FALSE,FALSE,FALSE,FALSE,FALSE,FALSE,FALSE,FALSE,53,485,3022,3,2003,0,1,1,0,0,0,0,0,6,8,0,1,0,0,1,0,0,0,0,0,1,0.000131,0.027525541,0.214783314,0.000131,0.000131,0.11125552,0.254322763,0.000131,0.000131,0.189212041,0.03208355,0.055606209,0.000131,0.000131,0.000131,0.000131,0.000131,0.000131,0.000131,0.000131,0.000131,0.000131,0.000131,0.000131,0.112329249,0.000131,0.000131,0.000131,0.000131,0.000131
FALSE,FALSE,FALSE,FALSE,FALSE,FALSE,FALSE,FALSE,FALSE,FALSE,FALSE,FALSE,FALSE,FALSE,FALSE,40,637,6219,1,1991,0,1,1,0,0,0,0,0,6,12,0,0,0,0,0,0,0,0,0,0,1,6.65e-05,6.65e-05,6.65e-05,6.65e-05,6.65e-05,6.65e-05,0.144798366,6.65e-05,0.212144324,6.65e-05,6.65e-05,0.018469922,6.65e-05,6.65e-05,0.112823011,6.65e-05,6.65e-05,6.65e-05,6.65e-05,6.65e-05,6.65e-05,0.046310658,6.65e-05,6.65e-05,0.098125342,6.65e-05,0.201539772,0.164325392,6.65e-05,6.65e-05
FALSE,FALSE,FALSE,FALSE,FALSE,FALSE,FALSE,FALSE,TRUE,FALSE,FALSE,TRUE,FALSE,FALSE,FALSE,31,535,9590,5,2003,0,0,0,0,0,0,0,0,9,30,0,0,0,0,0,1,0,0,0,0,1,4.71e-05,0.028778656,4.71e-05,4.71e-05,4.71e-05,4.71e-05,4.71e-05,4.71e-05,4.71e-05,4.71e-05,4.71e-05,4.71e-05,4.71e-05,4.71e-05,4.71e-05,4.71e-05,0.120540468,4.71e-05,0.820721764,4.71e-05,4.71e-05,4.71e-05,0.028735804,4.71e-05,4.71e-05,4.71e-05,4.71e-05,4.71e-05,4.71e-05,4.71e-05
FALSE,FALSE,FALSE,FALSE,TRUE,FALSE,FALSE,TRUE,FALSE,FALSE,FALSE,FALSE,FALSE,FALSE,FALSE,33,418,3506,5,2004,1,1,1,0,0,0,0,0,20,53,0,1,0,0,1,0,0,0,0,0,1,0.000127,0.000127,0.015496651,0.000127,0.000127,0.000127,0.000127,0.000127,0.000127,0.000127,0.000127,0.000127,0.000127,0.000127,0.000127,0.409441558,0.000127,0.000127,0.000127,0.000127,0.405591854,0.000127,0.000127,0.000127,0.000127,0.110236393,0.000127,0.000127,0.000127,0.056070769
FALSE,FALSE,FALSE,FALSE,FALSE,FALSE,FALSE,FALSE,FALSE,FALSE,FALSE,FALSE,FALSE,FALSE,FALSE,46,433,1496,2,1986,0,1,1,0,0,0,0,0,7,4,0,0,0,1,1,0,0,0,0,0,1,0.000302,0.564759386,0.000302,0.000302,0.000302,0.000302,0.255627852,0.000302,0.000302,0.000302,0.000302,0.000302,0.000302,0.000302,0.000302,0.171451236,0.000302,0.000302,0.000302,0.000302,0.000302,0.000302,0.000302,0.000302,0.000302,0.000302,0.000302,0.000302,0.000302,0.000302
FALSE,FALSE,FALSE,FALSE,FALSE,FALSE,FALSE,FALSE,FALSE,FALSE,FALSE,TRUE,FALSE,FALSE,FALSE,99,1977,20600,7,1999,0,0,1,0,0,0,0,0,6,39,0,0,0,0,0,0,0,0,0,0,1,2e-05,2e-05,2e-05,2e-05,2e-05,2e-05,2e-05,2e-05,2e-05,2e-05,2e-05,2e-05,2e-05,0.999420947,2e-05,2e-05,2e-05,2e-05,2e-05,2e-05,2e-05,2e-05,2e-05,2e-05,2e-05,2e-05,2e-05,2e-05,2e-05,2e-05
FALSE,FALSE,FALSE,FALSE,FALSE,FALSE,FALSE,FALSE,TRUE,FALSE,FALSE,FALSE,FALSE,FALSE,FALSE,54,821,7507,4,2015,0,1,1,0,0,0,0,0,330,5,0,0,0,0,0,0,0,0,0,0,1,5.67e-05,5.67e-05,0.009815016,5.67e-05,5.67e-05,5.67e-05,5.67e-05,5.67e-05,5.67e-05,5.67e-05,5.67e-05,0.070461507,5.67e-05,0.036284529,5.67e-05,5.67e-05,5.67e-05,5.67e-05,5.67e-05,5.67e-05,0.427374397,5.67e-05,5.67e-05,5.67e-05,0.085689895,5.67e-05,0.369013933,5.67e-05,5.67e-05,5.67e-05
FALSE,FALSE,FALSE,FALSE,FALSE,FALSE,FALSE,FALSE,FALSE,FALSE,FALSE,FALSE,FALSE,FALSE,FALSE,22,1213,5154,2,1977,0,0,1,0,0,0,0,0,3,65,0,0,0,0,0,1,0,0,0,0,1,8.63e-05,0.448666989,8.63e-05,8.63e-05,8.63e-05,0.084934067,8.63e-05,8.63e-05,8.63e-05,8.63e-05,8.63e-05,0.215266228,8.63e-05,8.63e-05,8.63e-05,8.63e-05,8.63e-05,8.63e-05,8.63e-05,8.63e-05,8.63e-05,8.63e-05,0.027629391,8.63e-05,8.63e-05,8.63e-05,0.176607402,8.63e-05,8.63e-05,0.044824852
FALSE,TRUE,FALSE,TRUE,FALSE,FALSE,FALSE,FALSE,FALSE,FALSE,FALSE,FALSE,FALSE,FALSE,FALSE,57,297,1215,7,2015,0,1,1,0,1,0,0,1,3,3,0,0,0,0,0,1,0,0,0,0,1,0.000349,0.000349,0.000349,0.000349,0.000349,0.000349,0.000349,0.000349,0.000349,0.000349,0.033509885,0.186017114,0.000349,0.000349,0.000349,0.000349,0.000349,0.035218708,0.000349,0.000349,0.000349,0.000349,0.000349,0.000349,0.000349,0.000349,0.000349,0.000349,0.000349,0.736191454
FALSE,FALSE,FALSE,FALSE,FALSE,TRUE,FALSE,FALSE,FALSE,FALSE,FALSE,FALSE,FALSE,FALSE,FALSE,56,813,11269,3,2014,0,1,1,0,0,0,1,0,15,2,0,1,0,0,1,1,0,0,0,0,1,3.36e-05,3.36e-05,3.36e-05,3.36e-05,3.36e-05,3.36e-05,3.36e-05,3.36e-05,3.36e-05,3.36e-05,0.017574328,3.36e-05,3.36e-05,3.36e-05,3.36e-05,3.36e-05,3.36e-05,3.36e-05,3.36e-05,3.36e-05,3.36e-05,3.36e-05,3.36e-05,0.182067541,3.36e-05,3.36e-05,0.097105271,3.36e-05,0.70237951,3.36e-05
FALSE,FALSE,FALSE,FALSE,FALSE,FALSE,FALSE,TRUE,FALSE,FALSE,FALSE,FALSE,FALSE,FALSE,FALSE,79,644,10343,3,1993,0,1,1,0,0,0,0,0,4,20,0,0,0,0,0,1,0,0,0,0,1,3.63e-05,3.63e-05,3.63e-05,3.63e-05,3.63e-05,3.63e-05,0.951753146,3.63e-05,3.63e-05,3.63e-05,3.63e-05,3.63e-05,3.63e-05,3.63e-05,3.63e-05,3.63e-05,3.63e-05,3.63e-05,3.63e-05,3.63e-05,3.63e-05,3.63e-05,3.63e-05,3.63e-05,3.63e-05,3.63e-05,3.63e-05,3.63e-05,0.047230147,3.63e-05
FALSE,FALSE,FALSE,FALSE,FALSE,FALSE,FALSE,FALSE,FALSE,FALSE,FALSE,TRUE,FALSE,FALSE,FALSE,21,470,8603,8,2012,0,1,1,0,0,0,0,0,18,1,0,1,0,0,1,1,0,0,0,0,1,3.9e-05,3.9e-05,3.9e-05,3.9e-05,0.145950455,3.9e-05,3.9e-05,3.9e-05,3.9e-05,3.9e-05,3.9e-05,3.9e-05,3.9e-05,0.381805808,3.9e-05,0.045503607,3.9e-05,3.9e-05,0.117202785,3.9e-05,0.308561299,3.9e-05,3.9e-05,3.9e-05,3.9e-05,3.9e-05,3.9e-05,3.9e-05,3.9e-05,3.9e-05
FALSE,FALSE,TRUE,FALSE,FALSE,FALSE,FALSE,FALSE,FALSE,FALSE,FALSE,FALSE,FALSE,FALSE,FALSE,95,905,8978,4,2003,0,1,1,0,0,0,0,0,20,26,1,0,0,0,1,0,0,0,0,0,1,4.46e-05,4.46e-05,4.46e-05,4.46e-05,4.46e-05,4.46e-05,4.46e-05,0.200428495,4.46e-05,4.46e-05,0.015934352,4.46e-05,4.46e-05,4.46e-05,4.46e-05,4.46e-05,4.46e-05,4.46e-05,0.044480958,4.46e-05,0.666530296,4.46e-05,4.46e-05,0.042849986,4.46e-05,4.46e-05,4.46e-05,4.46e-05,0.028704623,4.46e-05
FALSE,FALSE,FALSE,FALSE,FALSE,FALSE,TRUE,FALSE,FALSE,FALSE,FALSE,FALSE,FALSE,FALSE,FALSE,91,874,7860,4,2008,0,0,0,0,0,0,0,0,5,14,0,0,0,0,0,0,0,0,0,0,1,5.38e-05,5.38e-05,5.38e-05,5.38e-05,0.045595841,5.38e-05,5.38e-05,0.025281108,5.38e-05,5.38e-05,0.09551987,5.38e-05,0.033965286,5.38e-05,5.38e-05,5.38e-05,5.38e-05,5.38e-05,5.38e-05,5.38e-05,5.38e-05,5.38e-05,0.272815113,0.453214479,5.38e-05,5.38e-05,5.38e-05,5.38e-05,5.38e-05,0.072370677
